REF_AREA,Reference area,Measure,UNIT_MEASURE,TIME_PERIOD,OBS_VALUE,OBS_STATUS,handle,domain,role,direction,use,pooled,unit_type,value_flipped,pool_label,pool_midyear,pool_idx
AUS,Australia,"Deaths from suicide, alcohol, drugs",DT_10P5HB,2010,14.8816227157,A,deaths_despair,Health,lived,-1,core,False,rate_per_100k,-14.8816227157,,,
AUS,Australia,"Deaths from suicide, alcohol, drugs",DT_10P5HB,2011,14.9895317007,A,deaths_despair,Health,lived,-1,core,False,rate_per_100k,-14.9895317007,,,
AUS,Australia,"Deaths from suicide, alcohol, drugs",DT_10P5HB,2012,15.207908362,A,deaths_despair,Health,lived,-1,core,False,rate_per_100k,-15.207908362,,,
AUS,Australia,"Deaths from suicide, alcohol, drugs",DT_10P5HB,2013,15.9446715149,A,deaths_despair,Health,lived,-1,core,False,rate_per_100k,-15.9446715149,,,
AUS,Australia,"Deaths from suicide, alcohol, drugs",DT_10P5HB,2014,17.3366202811,A,deaths_despair,Health,lived,-1,core,False,rate_per_100k,-17.3366202811,,,
AUS,Australia,"Deaths from suicide, alcohol, drugs",DT_10P5HB,2015,18.1572231888,A,deaths_despair,Health,lived,-1,core,False,rate_per_100k,-18.1572231888,,,
AUS,Australia,"Deaths from suicide, alcohol, drugs",DT_10P5HB,2016,20.9625912504,A,deaths_despair,Health,lived,-1,core,False,rate_per_100k,-20.9625912504,,,
AUS,Australia,"Deaths from suicide, alcohol, drugs",DT_10P5HB,2017,22.5552116727,A,deaths_despair,Health,lived,-1,core,False,rate_per_100k,-22.5552116727,,,
AUS,Australia,"Deaths from suicide, alcohol, drugs",DT_10P5HB,2018,22.4345075408,A,deaths_despair,Health,lived,-1,core,False,rate_per_100k,-22.4345075408,,,
AUS,Australia,"Deaths from suicide, alcohol, drugs",DT_10P5HB,2019,22.7991387802,A,deaths_despair,Health,lived,-1,core,False,rate_per_100k,-22.7991387802,,,
AUS,Australia,"Deaths from suicide, alcohol, drugs",DT_10P5HB,2020,22.1839675841,A,deaths_despair,Health,lived,-1,core,False,rate_per_100k,-22.1839675841,,,
AUS,Australia,"Deaths from suicide, alcohol, drugs",DT_10P5HB,2021,21.8427625967,A,deaths_despair,Health,lived,-1,core,False,rate_per_100k,-21.8427625967,,,
AUS,Australia,"Deaths from suicide, alcohol, drugs",DT_10P5HB,2022,22.5855062467,A,deaths_despair,Health,lived,-1,core,False,rate_per_100k,-22.5855062467,,,
AUS,Australia,"Deaths from suicide, alcohol, drugs",DT_10P5HB,2023,21.6852462561,A,deaths_despair,Health,lived,-1,core,False,rate_per_100k,-21.6852462561,,,
AUS,Australia,"Deaths from suicide, alcohol, drugs",DT_10P5HB,2024,22.1581886962,A,deaths_despair,Health,lived,-1,core,False,rate_per_100k,-22.1581886962,,,
AUS,Australia,Households and NPISHs net adjusted disposable income per capita,USD_PPP_PS,2010,44625.0,A,disposable_income,Material,objective,1,core,False,ppp_usd,44625.0,,,
AUS,Australia,Households and NPISHs net adjusted disposable income per capita,USD_PPP_PS,2011,45369.0,A,disposable_income,Material,objective,1,core,False,ppp_usd,45369.0,,,
AUS,Australia,Households and NPISHs net adjusted disposable income per capita,USD_PPP_PS,2012,44830.0,A,disposable_income,Material,objective,1,core,False,ppp_usd,44830.0,,,
AUS,Australia,Households and NPISHs net adjusted disposable income per capita,USD_PPP_PS,2013,45377.0,A,disposable_income,Material,objective,1,core,False,ppp_usd,45377.0,,,
AUS,Australia,Households and NPISHs net adjusted disposable income per capita,USD_PPP_PS,2014,46031.0,A,disposable_income,Material,objective,1,core,False,ppp_usd,46031.0,,,
AUS,Australia,Households and NPISHs net adjusted disposable income per capita,USD_PPP_PS,2015,46089.0,A,disposable_income,Material,objective,1,core,False,ppp_usd,46089.0,,,
AUS,Australia,Households and NPISHs net adjusted disposable income per capita,USD_PPP_PS,2016,46473.0,A,disposable_income,Material,objective,1,core,False,ppp_usd,46473.0,,,
AUS,Australia,Households and NPISHs net adjusted disposable income per capita,USD_PPP_PS,2017,46831.0,A,disposable_income,Material,objective,1,core,False,ppp_usd,46831.0,,,
AUS,Australia,Households and NPISHs net adjusted disposable income per capita,USD_PPP_PS,2018,47430.0,A,disposable_income,Material,objective,1,core,False,ppp_usd,47430.0,,,
AUS,Australia,Households and NPISHs net adjusted disposable income per capita,USD_PPP_PS,2019,48749.0,A,disposable_income,Material,objective,1,core,False,ppp_usd,48749.0,,,
AUS,Australia,Households and NPISHs net adjusted disposable income per capita,USD_PPP_PS,2020,50667.0,A,disposable_income,Material,objective,1,core,False,ppp_usd,50667.0,,,
AUS,Australia,Households and NPISHs net adjusted disposable income per capita,USD_PPP_PS,2021,52430.0,A,disposable_income,Material,objective,1,core,False,ppp_usd,52430.0,,,
AUS,Australia,Households and NPISHs net adjusted disposable income per capita,USD_PPP_PS,2022,50439.0,A,disposable_income,Material,objective,1,core,False,ppp_usd,50439.0,,,
AUS,Australia,Households and NPISHs net adjusted disposable income per capita,USD_PPP_PS,2023,49503.0,A,disposable_income,Material,objective,1,core,False,ppp_usd,49503.0,,,
AUS,Australia,Households and NPISHs net adjusted disposable income per capita,USD_PPP_PS,2024,50629.0,A,disposable_income,Material,objective,1,core,False,ppp_usd,50629.0,,,
AUS,Australia,Employment rate,PT_POP_Y25T64,2010,75.444,A,employment_rate,Work,objective,1,core,False,pct,75.444,,,
AUS,Australia,Employment rate,PT_POP_Y25T64,2011,75.799,A,employment_rate,Work,objective,1,core,False,pct,75.799,,,
AUS,Australia,Employment rate,PT_POP_Y25T64,2012,75.589,A,employment_rate,Work,objective,1,core,False,pct,75.589,,,
AUS,Australia,Employment rate,PT_POP_Y25T64,2013,75.335,A,employment_rate,Work,objective,1,core,False,pct,75.335,,,
AUS,Australia,Employment rate,PT_POP_Y25T64,2014,75.049,A,employment_rate,Work,objective,1,core,False,pct,75.049,,,
AUS,Australia,Employment rate,PT_POP_Y25T64,2015,75.58,A,employment_rate,Work,objective,1,core,False,pct,75.58,,,
AUS,Australia,Employment rate,PT_POP_Y25T64,2016,75.888,A,employment_rate,Work,objective,1,core,False,pct,75.888,,,
AUS,Australia,Employment rate,PT_POP_Y25T64,2017,76.38,A,employment_rate,Work,objective,1,core,False,pct,76.38,,,
AUS,Australia,Employment rate,PT_POP_Y25T64,2018,76.917,A,employment_rate,Work,objective,1,core,False,pct,76.917,,,
AUS,Australia,Employment rate,PT_POP_Y25T64,2019,77.597,A,employment_rate,Work,objective,1,core,False,pct,77.597,,,
AUS,Australia,Employment rate,PT_POP_Y25T64,2020,76.128,A,employment_rate,Work,objective,1,core,False,pct,76.128,,,
AUS,Australia,Employment rate,PT_POP_Y25T64,2021,77.851,A,employment_rate,Work,objective,1,core,False,pct,77.851,,,
AUS,Australia,Employment rate,PT_POP_Y25T64,2022,79.58,A,employment_rate,Work,objective,1,core,False,pct,79.58,,,
AUS,Australia,Employment rate,PT_POP_Y25T64,2023,80.103,A,employment_rate,Work,objective,1,core,False,pct,80.103,,,
AUS,Australia,Employment rate,PT_POP_Y25T64,2024,80.262,A,employment_rate,Work,objective,1,core,False,pct,80.262,,,
AUS,Australia,Employment rate,PT_POP_Y25T64,2025,80.427,A,employment_rate,Work,objective,1,core,False,pct,80.427,,,
AUS,Australia,GDP per capita (constant 2010 USD),USD_2010,2010,53768.35,A,gdp_per_capita_wb,Material,objective,1,callout,False,constant_2010_usd,53768.35,,,
AUS,Australia,GDP per capita (constant 2010 USD),USD_2010,2011,54296.23,A,gdp_per_capita_wb,Material,objective,1,callout,False,constant_2010_usd,54296.23,,,
AUS,Australia,GDP per capita (constant 2010 USD),USD_2010,2012,55465.45,A,gdp_per_capita_wb,Material,objective,1,callout,False,constant_2010_usd,55465.45,,,
AUS,Australia,GDP per capita (constant 2010 USD),USD_2010,2013,55966.15,A,gdp_per_capita_wb,Material,objective,1,callout,False,constant_2010_usd,55966.15,,,
AUS,Australia,GDP per capita (constant 2010 USD),USD_2010,2014,56571.81,A,gdp_per_capita_wb,Material,objective,1,callout,False,constant_2010_usd,56571.81,,,
AUS,Australia,GDP per capita (constant 2010 USD),USD_2010,2015,56970.36,A,gdp_per_capita_wb,Material,objective,1,callout,False,constant_2010_usd,56970.36,,,
AUS,Australia,GDP per capita (constant 2010 USD),USD_2010,2016,57632.99,A,gdp_per_capita_wb,Material,objective,1,callout,False,constant_2010_usd,57632.99,,,
AUS,Australia,GDP per capita (constant 2010 USD),USD_2010,2017,57991.77,A,gdp_per_capita_wb,Material,objective,1,callout,False,constant_2010_usd,57991.77,,,
AUS,Australia,GDP per capita (constant 2010 USD),USD_2010,2018,58772.71,A,gdp_per_capita_wb,Material,objective,1,callout,False,constant_2010_usd,58772.71,,,
AUS,Australia,GDP per capita (constant 2010 USD),USD_2010,2019,59181.3,A,gdp_per_capita_wb,Material,objective,1,callout,False,constant_2010_usd,59181.3,,,
AUS,Australia,GDP per capita (constant 2010 USD),USD_2010,2020,58377.77,A,gdp_per_capita_wb,Material,objective,1,callout,False,constant_2010_usd,58377.77,,,
AUS,Australia,GDP per capita (constant 2010 USD),USD_2010,2021,59465.54,A,gdp_per_capita_wb,Material,objective,1,callout,False,constant_2010_usd,59465.54,,,
AUS,Australia,GDP per capita (constant 2010 USD),USD_2010,2022,61200.46,A,gdp_per_capita_wb,Material,objective,1,callout,False,constant_2010_usd,61200.46,,,
AUS,Australia,GDP per capita (constant 2010 USD),USD_2010,2023,61869.08,A,gdp_per_capita_wb,Material,objective,1,callout,False,constant_2010_usd,61869.08,,,
AUS,Australia,GDP per capita (constant 2010 USD),USD_2010,2024,61480.67,A,gdp_per_capita_wb,Material,objective,1,callout,False,constant_2010_usd,61480.67,,,
AUS,Australia,Gender wage gap,PT_WG_SAL_M_D,2010,14.04293381,A,gender_wage_gap,Work,lived,-1,core,False,pct,-14.04293381,,,
AUS,Australia,Gender wage gap,PT_WG_SAL_M_D,2011,15.966386555,A,gender_wage_gap,Work,lived,-1,core,False,pct,-15.966386555,,,
AUS,Australia,Gender wage gap,PT_WG_SAL_M_D,2012,13.75,A,gender_wage_gap,Work,lived,-1,core,False,pct,-13.75,,,
AUS,Australia,Gender wage gap,PT_WG_SAL_M_D,2013,18.0,A,gender_wage_gap,Work,lived,-1,core,False,pct,-18.0,,,
AUS,Australia,Gender wage gap,PT_WG_SAL_M_D,2014,15.773353752,A,gender_wage_gap,Work,lived,-1,core,False,pct,-15.773353752,,,
AUS,Australia,Gender wage gap,PT_WG_SAL_M_D,2015,13.307692308,A,gender_wage_gap,Work,lived,-1,core,False,pct,-13.307692308,,,
AUS,Australia,Gender wage gap,PT_WG_SAL_M_D,2016,13.728432108,A,gender_wage_gap,Work,lived,-1,core,False,pct,-13.728432108,,,
AUS,Australia,Gender wage gap,PT_WG_SAL_M_D,2017,13.000948217,A,gender_wage_gap,Work,lived,-1,core,False,pct,-13.000948217,,,
AUS,Australia,Gender wage gap,PT_WG_SAL_M_D,2018,13.448567435,A,gender_wage_gap,Work,lived,-1,core,False,pct,-13.448567435,,,
AUS,Australia,Gender wage gap,PT_WG_SAL_M_D,2019,15.311653117,A,gender_wage_gap,Work,lived,-1,core,False,pct,-15.311653117,,,
AUS,Australia,Gender wage gap,PT_WG_SAL_M_D,2020,10.533333333,A,gender_wage_gap,Work,lived,-1,core,False,pct,-10.533333333,,,
AUS,Australia,Gender wage gap,PT_WG_SAL_M_D,2021,10.64603381,A,gender_wage_gap,Work,lived,-1,core,False,pct,-10.64603381,,,
AUS,Australia,Gender wage gap,PT_WG_SAL_M_D,2022,10.125,A,gender_wage_gap,Work,lived,-1,core,False,pct,-10.125,,,
AUS,Australia,Gender wage gap,PT_WG_SAL_M_D,2023,11.764705882,A,gender_wage_gap,Work,lived,-1,core,False,pct,-11.764705882,,,
AUS,Australia,Gender wage gap,PT_WG_SAL_M_D,2024,10.671212968,A,gender_wage_gap,Work,lived,-1,core,False,pct,-10.671212968,,,
AUS,Australia,Housing affordability,PT_B7G_S14,2010,80.7645895608,A,housing_affordability,Material,lived,1,core,False,pct_income_remaining,80.7645895608,,,
AUS,Australia,Housing affordability,PT_B7G_S14,2011,80.4438665326,A,housing_affordability,Material,lived,1,core,False,pct_income_remaining,80.4438665326,,,
AUS,Australia,Housing affordability,PT_B7G_S14,2012,79.9062196913,A,housing_affordability,Material,lived,1,core,False,pct_income_remaining,79.9062196913,,,
AUS,Australia,Housing affordability,PT_B7G_S14,2013,80.015705226,A,housing_affordability,Material,lived,1,core,False,pct_income_remaining,80.015705226,,,
AUS,Australia,Housing affordability,PT_B7G_S14,2014,80.0945453535,A,housing_affordability,Material,lived,1,core,False,pct_income_remaining,80.0945453535,,,
AUS,Australia,Housing affordability,PT_B7G_S14,2015,79.9746383414,A,housing_affordability,Material,lived,1,core,False,pct_income_remaining,79.9746383414,,,
AUS,Australia,Housing affordability,PT_B7G_S14,2016,79.9752334649,A,housing_affordability,Material,lived,1,core,False,pct_income_remaining,79.9752334649,,,
AUS,Australia,Housing affordability,PT_B7G_S14,2017,79.9418444437,A,housing_affordability,Material,lived,1,core,False,pct_income_remaining,79.9418444437,,,
AUS,Australia,Housing affordability,PT_B7G_S14,2018,80.1071872,A,housing_affordability,Material,lived,1,core,False,pct_income_remaining,80.1071872,,,
AUS,Australia,Housing affordability,PT_B7G_S14,2019,80.5378791222,A,housing_affordability,Material,lived,1,core,False,pct_income_remaining,80.5378791222,,,
AUS,Australia,Housing affordability,PT_B7G_S14,2020,80.9217395527,A,housing_affordability,Material,lived,1,core,False,pct_income_remaining,80.9217395527,,,
AUS,Australia,Housing affordability,PT_B7G_S14,2021,81.5251581426,A,housing_affordability,Material,lived,1,core,False,pct_income_remaining,81.5251581426,,,
AUS,Australia,Housing affordability,PT_B7G_S14,2022,81.1049031349,A,housing_affordability,Material,lived,1,core,False,pct_income_remaining,81.1049031349,,,
AUS,Australia,Housing affordability,PT_B7G_S14,2023,80.5751307401,A,housing_affordability,Material,lived,1,core,False,pct_income_remaining,80.5751307401,,,
AUS,Australia,Housing affordability,PT_B7G_S14,2024,80.7481379976,A,housing_affordability,Material,lived,1,core,False,pct_income_remaining,80.7481379976,,,
AUS,Australia,Lack of social support,PT_POP_Y_GE15,2010,4.9265433236,A,lack_of_support,Social,lived,-1,core,True,pct,-4.9265433236,2008-10,2009.0,0.0
AUS,Australia,Lack of social support,PT_POP_Y_GE15,2011,5.3241850172,A,lack_of_support,Social,lived,-1,core,True,pct,-5.3241850172,2011-13,2012.0,1.0
AUS,Australia,Lack of social support,PT_POP_Y_GE15,2014,6.0415962411,A,lack_of_support,Social,lived,-1,core,True,pct,-6.0415962411,2014-16,2015.0,2.0
AUS,Australia,Lack of social support,PT_POP_Y_GE15,2017,5.550077771,A,lack_of_support,Social,lived,-1,core,True,pct,-5.550077771,2017-19,2018.0,3.0
AUS,Australia,Lack of social support,PT_POP_Y_GE15,2020,6.7136780167,A,lack_of_support,Social,lived,-1,core,True,pct,-6.7136780167,2020-22,2021.0,4.0
AUS,Australia,Lack of social support,PT_POP_Y_GE15,2023,10.0431932573,A,lack_of_support,Social,lived,-1,core,True,pct,-10.0431932573,2023-25,2024.0,5.0
AUS,Australia,Life expectancy at birth,Y,2010,81.7,A,life_expectancy,Health,objective,1,core,False,years,81.7,,,
AUS,Australia,Life expectancy at birth,Y,2011,81.9,A,life_expectancy,Health,objective,1,core,False,years,81.9,,,
AUS,Australia,Life expectancy at birth,Y,2012,82.0,A,life_expectancy,Health,objective,1,core,False,years,82.0,,,
AUS,Australia,Life expectancy at birth,Y,2013,82.1,A,life_expectancy,Health,objective,1,core,False,years,82.1,,,
AUS,Australia,Life expectancy at birth,Y,2014,82.3,A,life_expectancy,Health,objective,1,core,False,years,82.3,,,
AUS,Australia,Life expectancy at birth,Y,2015,82.4,A,life_expectancy,Health,objective,1,core,False,years,82.4,,,
AUS,Australia,Life expectancy at birth,Y,2016,82.4,A,life_expectancy,Health,objective,1,core,False,years,82.4,,,
AUS,Australia,Life expectancy at birth,Y,2017,82.5,A,life_expectancy,Health,objective,1,core,False,years,82.5,,,
AUS,Australia,Life expectancy at birth,Y,2018,82.8,A,life_expectancy,Health,objective,1,core,False,years,82.8,,,
AUS,Australia,Life expectancy at birth,Y,2019,82.9,A,life_expectancy,Health,objective,1,core,False,years,82.9,,,
AUS,Australia,Life expectancy at birth,Y,2020,83.2,A,life_expectancy,Health,objective,1,core,False,years,83.2,,,
AUS,Australia,Life expectancy at birth,Y,2021,83.3,A,life_expectancy,Health,objective,1,core,False,years,83.3,,,
AUS,Australia,Life expectancy at birth,Y,2022,83.2,A,life_expectancy,Health,objective,1,core,False,years,83.2,,,
AUS,Australia,Life expectancy at birth,Y,2023,83.0,A,life_expectancy,Health,objective,1,core,False,years,83.0,,,
AUS,Australia,Life satisfaction,0_TO_10,2019,7.5,A,life_satisfaction,Subjective,lived,1,callout,False,score_0_10,7.5,,,
AUS,Australia,Life satisfaction,0_TO_10,2020,7.2,A,life_satisfaction,Subjective,lived,1,callout,False,score_0_10,7.2,,,
AUS,Australia,Long hours in paid work,PT_SAL,2010,13.99,A,long_hours,Work,lived,-1,core,False,pct,-13.99,,,
AUS,Australia,Long hours in paid work,PT_SAL,2011,14.14,A,long_hours,Work,lived,-1,core,False,pct,-14.14,,,
AUS,Australia,Long hours in paid work,PT_SAL,2012,14.18,A,long_hours,Work,lived,-1,core,False,pct,-14.18,,,
AUS,Australia,Long hours in paid work,PT_SAL,2013,14.0,A,long_hours,Work,lived,-1,core,False,pct,-14.0,,,
AUS,Australia,Long hours in paid work,PT_SAL,2014,13.36,A,long_hours,Work,lived,-1,core,False,pct,-13.36,,,
AUS,Australia,Long hours in paid work,PT_SAL,2015,13.48,A,long_hours,Work,lived,-1,core,False,pct,-13.48,,,
AUS,Australia,Long hours in paid work,PT_SAL,2016,13.09,A,long_hours,Work,lived,-1,core,False,pct,-13.09,,,
AUS,Australia,Long hours in paid work,PT_SAL,2017,13.0,A,long_hours,Work,lived,-1,core,False,pct,-13.0,,,
AUS,Australia,Long hours in paid work,PT_SAL,2018,12.49,A,long_hours,Work,lived,-1,core,False,pct,-12.49,,,
AUS,Australia,Long hours in paid work,PT_SAL,2019,11.97,A,long_hours,Work,lived,-1,core,False,pct,-11.97,,,
AUS,Australia,Long hours in paid work,PT_SAL,2020,11.15,A,long_hours,Work,lived,-1,core,False,pct,-11.15,,,
AUS,Australia,Long hours in paid work,PT_SAL,2021,11.26,A,long_hours,Work,lived,-1,core,False,pct,-11.26,,,
AUS,Australia,Long hours in paid work,PT_SAL,2022,11.15,A,long_hours,Work,lived,-1,core,False,pct,-11.15,,,
AUS,Australia,Long hours in paid work,PT_SAL,2023,10.7,A,long_hours,Work,lived,-1,core,False,pct,-10.7,,,
AUS,Australia,Long hours in paid work,PT_SAL,2024,10.18,A,long_hours,Work,lived,-1,core,False,pct,-10.18,,,
AUS,Australia,Long hours in paid work,PT_SAL,2025,9.68,A,long_hours,Work,lived,-1,core,False,pct,-9.68,,,
AUS,Australia,Negative affect balance,PT_POP_Y_GE15,2010,12.2440200303,A,negative_affect,Subjective,lived,-1,core,True,pct,-12.2440200303,2008-10,2009.0,0.0
AUS,Australia,Negative affect balance,PT_POP_Y_GE15,2011,10.6348925558,A,negative_affect,Subjective,lived,-1,core,True,pct,-10.6348925558,2011-13,2012.0,1.0
AUS,Australia,Negative affect balance,PT_POP_Y_GE15,2014,12.0890789187,A,negative_affect,Subjective,lived,-1,core,True,pct,-12.0890789187,2014-16,2015.0,2.0
AUS,Australia,Negative affect balance,PT_POP_Y_GE15,2017,12.7330695414,A,negative_affect,Subjective,lived,-1,core,True,pct,-12.7330695414,2017-19,2018.0,3.0
AUS,Australia,Negative affect balance,PT_POP_Y_GE15,2020,12.0148292553,A,negative_affect,Subjective,lived,-1,core,True,pct,-12.0148292553,2020-22,2021.0,4.0
AUS,Australia,Negative affect balance,PT_POP_Y_GE15,2023,14.8530429265,A,negative_affect,Subjective,lived,-1,core,True,pct,-14.8530429265,2023-25,2024.0,5.0
