REF_AREA,TIME_PERIOD,OBS_VALUE
AUS,2010,191.48036
AUS,2011,190.37849
AUS,2012,192.26149
AUS,2013,192.86195
AUS,2014,196.06859
AUS,2015,204.1866
AUS,2016,210.8695
AUS,2017,216.00429
AUS,2018,216.87673
AUS,2019,211.29009
AUS,2020,203.01785
AUS,2021,206.32799
AUS,2022,213.02902
AUS,2023,213.96663
AUS,2024,209.62782
AUT,2010,93.782386
AUT,2011,94.497266
AUT,2012,91.758025
AUT,2013,93.102519
AUT,2014,92.624833
AUT,2015,93.443813
AUT,2016,92.442137
AUT,2017,91.449383
AUT,2018,90.9556
AUT,2019,92.137213
AUT,2020,94.550876
AUT,2021,94.633553
AUT,2022,88.304527
AUT,2023,81.08248
AUT,2024,74.886942
BEL,2010,95.853082
BEL,2011,100.91369
BEL,2012,101.41742
BEL,2013,103.46954
BEL,2014,107.74353
BEL,2015,110.54461
BEL,2016,112.10063
BEL,2017,112.92988
BEL,2018,113.14441
BEL,2019,114.92767
BEL,2020,117.22061
BEL,2021,117.55754
BEL,2022,112.61465
BEL,2023,105.30196
BEL,2024,104.74601
BRA,2010,48.564508
BRA,2011,50.808264
BRA,2012,52.339558
BRA,2013,53.06993
BRA,2014,55.231224
BRA,2015,54.814981
BRA,2016,53.120867
BRA,2017,39.367769
BRA,2018,41.108119
BRA,2019,45.027974
BRA,2020,44.75682
BRA,2021,50.639671
CAN,2010,170.65767
CAN,2011,174.34252
CAN,2012,174.76635
CAN,2013,174.45242
CAN,2014,176.69933
CAN,2015,178.80702
CAN,2016,187.76981
CAN,2017,187.86731
CAN,2018,189.44472
CAN,2019,188.15668
CAN,2020,180.164
CAN,2021,188.07996
CAN,2022,190.55967
CAN,2023,187.71041
CAN,2024,181.07302
CAN,2025,181.98781
COL,2015,42.23383
COL,2016,45.095273
COL,2017,46.128224
COL,2018,46.529301
COL,2019,49.682714
COL,2020,51.565732
COL,2021,50.255758
COL,2022,43.612018
COL,2023,41.1613
COL,2024,38.739629
CZE,2010,62.913647
CZE,2011,65.826294
CZE,2012,66.680572
CZE,2013,70.22448
CZE,2014,68.640533
CZE,2015,70.208421
CZE,2016,71.972257
CZE,2017,75.294707
CZE,2018,74.07316
CZE,2019,73.400793
CZE,2020,74.524188
CZE,2021,72.637423
CZE,2022,66.451318
CZE,2023,61.826083
CZE,2024,61.545293
DEU,2010,97.214612
DEU,2011,95.333131
DEU,2012,94.370212
DEU,2013,93.87268
DEU,2014,92.724278
DEU,2015,91.928585
DEU,2016,91.912563
DEU,2017,91.894599
DEU,2018,89.831459
DEU,2019,91.930506
DEU,2020,95.452389
DEU,2021,97.499612
DEU,2022,93.377884
DEU,2023,88.648155
DEU,2024,85.795316
DEU,2025,84.750206
DNK,2010,307.1458
DNK,2011,293.81485
DNK,2012,289.79467
DNK,2013,293.86606
DNK,2014,294.06827
DNK,2015,276.75881
DNK,2016,270.36804
DNK,2017,265.16708
DNK,2018,256.92559
DNK,2019,257.01311
DNK,2020,263.29775
DNK,2021,255.29388
DNK,2022,211.67116
DNK,2023,206.10503
DNK,2024,203.48908
DNK,2025,202.00486
ESP,2010,143.96333
ESP,2011,138.36366
ESP,2012,139.3943
ESP,2013,131.68598
ESP,2014,125.59614
ESP,2015,115.9588
ESP,2016,111.29884
ESP,2017,107.4721
ESP,2018,104.5051
ESP,2019,99.483011
ESP,2020,100.95762
ESP,2021,97.425506
ESP,2022,93.347143
ESP,2023,82.893186
ESP,2024,78.36023
EST,2010,103.25612
EST,2011,92.687657
EST,2012,88.30224
EST,2013,81.669646
EST,2014,80.875973
EST,2015,79.292075
EST,2016,80.096811
EST,2017,80.17987
EST,2018,75.805618
EST,2019,76.372847
EST,2020,78.202808
EST,2021,77.809715
EST,2022,76.620127
EST,2023,74.041317
EST,2024,74.631626
FIN,2010,116.04452
FIN,2011,119.0754
FIN,2012,120.79507
FIN,2013,121.9839
FIN,2014,121.69103
FIN,2015,124.92339
FIN,2016,131.70389
FIN,2017,137.64978
FIN,2018,144.43079
FIN,2019,147.20857
FIN,2020,155.81454
FIN,2021,157.85267
FIN,2022,155.52906
FIN,2023,147.44558
FIN,2024,141.73437
FIN,2025,139.48546
FRA,2010,114.93789
FRA,2011,116.3473
FRA,2012,112.74251
FRA,2013,115.20206
FRA,2014,116.18903
FRA,2015,118.75921
FRA,2016,120.24053
FRA,2017,123.48623
FRA,2018,125.55328
FRA,2019,126.0479
FRA,2020,130.72348
FRA,2021,130.6338
FRA,2022,129.80532
FRA,2023,121.79973
FRA,2024,115.24977
GBR,2010,163.73309
GBR,2011,162.18035
GBR,2012,157.93993
GBR,2013,154.31159
GBR,2014,153.53107
GBR,2015,148.89941
GBR,2016,151.68688
GBR,2017,152.14033
GBR,2018,149.16603
GBR,2019,146.27847
GBR,2020,151.02464
GBR,2021,146.52796
GBR,2022,144.67601
GBR,2023,137.14093
GBR,2024,130.76782
GRC,2010,110.16343
GRC,2011,116.75554
GRC,2012,130.60031
GRC,2013,130.84953
GRC,2014,125.05316
GRC,2015,117.35338
GRC,2016,116.97357
GRC,2017,112.17106
GRC,2018,113.92912
GRC,2019,101.59039
GRC,2020,104.35739
GRC,2021,97.616994
GRC,2022,85.590115
GRC,2023,77.290721
GRC,2024,74.497813
HUN,2010,81.143818
HUN,2011,75.108421
HUN,2012,64.712162
HUN,2013,59.169361
HUN,2014,56.433194
HUN,2015,48.832433
HUN,2016,45.998095
HUN,2017,42.355559
HUN,2018,39.53734
HUN,2019,40.035339
HUN,2020,43.857843
HUN,2021,44.115339
HUN,2022,39.511107
HUN,2023,35.223147
HUN,2024,34.526804
IRL,2010,228.4727
IRL,2011,226.11593
IRL,2012,209.05659
IRL,2013,218.53837
IRL,2014,201.66467
IRL,2015,179.45893
IRL,2016,161.02474
IRL,2017,167.82851
IRL,2018,155.22505
IRL,2019,120.36893
IRL,2020,114.36049
IRL,2021,109.47213
IRL,2022,108.80138
IRL,2023,94.520581
IRL,2024,85.92064
ISL,2010,275.65966
ISL,2011,254.41432
ISL,2012,240.84958
ISL,2013,236.81008
ISL,2014,212.9145
ISL,2015,192.85045
ISL,2016,179.41317
ISL,2017,173.94535
ISL,2018,175.21419
ISL,2019,172.65314
ISL,2020,176.30192
ISL,2021,176.84339
ISL,2022,175.83304
ISL,2023,159.69886
ISL,2024,152.37802
ITA,2010,88.612321
ITA,2011,88.154657
ITA,2012,90.351944
ITA,2013,89.013921
ITA,2014,87.880606
ITA,2015,86.788544
ITA,2016,86.76493
ITA,2017,86.167596
ITA,2018,86.255172
ITA,2019,87.755774
ITA,2020,90.374583
ITA,2021,89.317719
ITA,2022,86.145134
ITA,2023,81.578336
ITA,2024,79.814953
ITA,2025,79.879779
JPN,2010,108.35853
JPN,2011,108.7526
JPN,2012,108.82784
JPN,2013,110.54483
JPN,2014,111.40024
JPN,2015,111.39914
JPN,2016,113.01907
JPN,2017,115.20947
JPN,2018,116.3053
JPN,2019,117.07612
JPN,2020,116.3047
JPN,2021,121.78592
JPN,2022,121.03531
JPN,2023,123.22776
JPN,2024,122.38401
KOR,2010,139.42926
KOR,2011,144.1113
KOR,2012,144.79033
KOR,2013,146.16363
KOR,2014,147.71389
KOR,2015,151.74783
KOR,2016,162.59369
KOR,2017,170.28649
KOR,2018,172.97586
KOR,2019,173.73197
KOR,2020,182.86397
KOR,2021,194.32923
KOR,2022,191.35131
KOR,2023,179.80789
KOR,2024,174.34041
LTU,2010,55.321342
LTU,2011,50.511517
LTU,2012,50.409472
LTU,2013,47.082303
LTU,2014,47.759496
LTU,2015,56.72167
LTU,2016,52.424417
LTU,2017,58.717201
LTU,2018,59.134185
LTU,2019,58.960084
LTU,2020,56.607616
LTU,2021,50.937428
LTU,2022,46.003297
LTU,2023,51.55937
LTU,2024,53.374406
LUX,2010,153.24218
LUX,2011,156.24347
LUX,2012,160.8915
LUX,2013,157.36427
LUX,2014,164.82393
LUX,2015,170.89119
LUX,2016,177.35732
LUX,2017,177.21655
LUX,2018,184.3998
LUX,2019,185.19472
LUX,2020,182.11348
LUX,2021,194.21449
LUX,2022,197.35812
LUX,2023,183.81469
LUX,2024,178.32509
LVA,2010,80.908881
LVA,2011,75.397602
LVA,2012,64.274813
LVA,2013,58.572
LVA,2014,53.159532
LVA,2015,52.447573
LVA,2016,47.456241
LVA,2017,45.086662
LVA,2018,41.757603
LVA,2019,40.683347
LVA,2020,40.173698
LVA,2021,41.212842
LVA,2022,39.002622
LVA,2023,39.391634
LVA,2024,39.935339
MEX,2010,17.175452
MEX,2011,17.601293
MEX,2012,18.599562
MEX,2013,19.480124
MEX,2014,19.585429
MEX,2015,21.71702
MEX,2016,22.602399
MEX,2017,23.395802
MEX,2018,23.653837
MEX,2019,24.453368
MEX,2020,26.810561
MEX,2021,25.410594
MEX,2022,26.448062
MEX,2023,27.120565
MEX,2024,27.875128
NLD,2010,304.90476
NLD,2011,298.35472
NLD,2012,299.35989
NLD,2013,295.30238
NLD,2014,280.00353
NLD,2015,276.0814
NLD,2016,270.41835
NLD,2017,269.34302
NLD,2018,261.09734
NLD,2019,254.26753
NLD,2020,250.34268
NLD,2021,244.78153
NLD,2022,235.66287
NLD,2023,218.85387
NLD,2024,215.85368
NLD,2025,214.28566
NZL,2010,119.76103
NZL,2011,114.5625
NZL,2012,115.12305
NZL,2013,115.65929
NZL,2014,119.54049
NZL,2016,118.94075
NZL,2017,121.42505
NZL,2018,120.52899
NZL,2019,119.77548
NZL,2020,117.98909
NZL,2021,120.65057
NZL,2022,125.93364
NZL,2023,121.7847
POL,2010,54.914516
POL,2011,58.209628
POL,2012,56.220709
POL,2013,58.107869
POL,2014,57.908755
POL,2015,59.703116
POL,2016,59.955565
POL,2017,58.066657
POL,2018,58.659593
POL,2019,58.041258
POL,2020,55.345599
POL,2021,56.576052
POL,2022,46.962185
POL,2023,41.235901
POL,2024,38.458077
PRT,2010,144.73228
PRT,2011,150.09266
PRT,2012,148.21765
PRT,2013,144.4176
PRT,2014,141.16082
PRT,2015,134.30074
PRT,2016,127.94731
PRT,2017,125.83366
PRT,2018,120.96859
PRT,2019,122.36959
PRT,2020,127.86165
PRT,2021,126.69941
PRT,2022,119.92186
PRT,2023,109.45137
PRT,2024,103.93859
PRT,2025,106.96251
RUS,2011,22.842958
RUS,2012,26.635042
RUS,2013,30.453441
RUS,2014,30.616596
RUS,2015,29.68735
RUS,2016,28.84127
RUS,2017,30.246266
RUS,2018,34.19798
RUS,2019,37.409249
SVK,2010,47.445322
SVK,2011,51.350529
SVK,2012,57.862119
SVK,2013,61.769577
SVK,2014,66.241933
SVK,2015,69.093058
SVK,2016,74.619106
SVK,2017,75.131915
SVK,2018,78.35873
SVK,2019,79.158281
SVK,2020,81.895583
SVK,2021,83.330188
SVK,2022,84.036053
SVK,2023,80.534999
SVK,2024,77.452665
SVN,2010,61.921499
SVN,2011,60.569688
SVN,2012,62.239632
SVN,2013,60.571405
SVN,2014,59.706568
SVN,2015,58.576854
SVN,2016,57.844604
SVN,2017,57.798355
SVN,2018,57.477506
SVN,2019,56.010013
SVN,2020,53.538967
SVN,2021,52.929018
SVN,2022,51.274839
SVN,2023,49.500706
SVN,2024,50.126167
SWE,2010,167.21721
SWE,2011,166.45538
SWE,2012,164.40259
SWE,2013,166.956
SWE,2014,170.48718
SWE,2015,176.44635
SWE,2016,182.25703
SWE,2017,186.67632
SWE,2018,188.77535
SWE,2019,189.50917
SWE,2020,200.32973
SWE,2021,200.54736
SWE,2022,192.8406
SWE,2023,183.79464
SWE,2024,179.19672
SWE,2025,175.48669
USA,2010,128.70833
USA,2011,121.83736
USA,2012,115.40662
USA,2013,117.37645
USA,2014,112.96062
USA,2015,110.40346
USA,2016,110.35382
USA,2017,109.11775
USA,2018,106.47147
USA,2019,105.8467
USA,2020,101.18172
USA,2021,102.2546
USA,2022,108.78429
USA,2023,102.57384
USA,2024,98.914077
